Workbook

Sheet Pasted
A1: Agent Name | B1: Login ID | C1: Staffed Time | E1: AUX Time | G1: Time in Outgoing | I1: Time in Pray | K1: Time in Break | M1: Time in Istirahat | O1: Time in FU | Q1: Time in Callback | S1: Time in Input Data | U1: Time in Back Office | W1: Time in Respon WA | Y1: Time in Login | AA1: Time in AUX 10-99 | AH1: DATE | AI1: IS WEEKDAY
A2: Totals | B2: Totals | E2: 1110413 | F2: 12.852002 | G2: 750862 | H2: 8.6905324 | I2: 56162 | J2: 0.65002315 | K2: 43445 | L2: 0.50283565 | M2: 36234 | N2: 0.419375 | O2: 75561 | P2: 0.87454861 | Q2: 194017 | R2: 2.2455671 | S2: 76721 | T2: 0.88797454 | U2: 166570 | V2: 1.9278935 | W2: 0 | X2: :00:00 | Y2: 38654 | Z2: 0.44738426 | AA2: 63498 | AB2: 0.73493056 | AC2: 0 | AD2: :00:00 | AH2: 46154 | AI2: 1
A3: Ihat | B3: 1655 | C3: 36969 | D3: 0.42788194 | E3: 36969 | F3: 0.42788194 | G3: 2 | H3: :00:02 | I3: 0 | J3: :00:00 | K3: 545 | L3: :09:05 | M3: 2392 | N3: :39:52 | O3: 29159 | P3: 8:05:59 | Q3: 0 | R3: :00:00 | S3: 5 | T3: :00:05 | U3: 0 | V3: :00:00 | W3: 0 | X3: :00:00 | Y3: 4866 | Z3: 1:21:06 | AA3: 0 | AB3: :00:00 | AC3: 32 | AD3: 36969 | AH3: 46154 | AI3: 1
A4: Sinta | B4: 1657 | C4: 34799 | D4: 9:39:59 | E4: 34799 | F4: 9:39:59 | G4: 5 | H4: :00:05 | I4: 2157 | J4: :35:57 | K4: 365 | L4: :06:05 | M4: 2386 | N4: :39:46 | O4: 26889 | P4: 7:28:09 | Q4: 0 | R4: :00:00 | S4: 0 | T4: :00:00 | U4: 0 | V4: :00:00 | W4: 0 | X4: :00:00 | Y4: 2997 | Z4: :49:57 | AA4: 0 | AB4: :00:00 | AC4: 34 | AD4: 34799 | AH4: 46154 | AI4: 1
A5: Yunita | B5: 1615 | C5: 34785 | D5: 9:39:45 | E5: 34785 | F5: 9:39:45 | G5: 2913 | H5: :48:33 | I5: 3801 | J5: 1:03:21 | K5: 0 | L5: :00:00 | M5: 0 | N5: :00:00 | O5: 9151 | P5: 2:32:31 | Q5: 0 | R5: :00:00 | S5: 0 | T5: :00:00 | U5: 0 | V5: :00:00 | W5: 18920 | X5: 5:15:20 | Y5: 0 | Z5: :00:00 | AA5: 0 | AB5: :00:00 | AC5: 1 | AD5: 34785 | AH5: 46154 | AI5: 1
A6: Della | B6: 1654 | C6: 34060 | D6: 9:27:40 | E6: 34060 | F6: 9:27:40 | G6: 5 | H6: :00:05 | I6: 2052 | J6: :34:12 | K6: 386 | L6: :06:26 | M6: 2434 | N6: :40:34 | O6: 27133 | P6: 7:32:13 | Q6: 0 | R6: :00:00 | S6: 0 | T6: :00:00 | U6: 0 | V6: :00:00 | W6: 0 | X6: :00:00 | Y6: 2050 | Z6: :34:10 | AA6: 0 | AB6: :00:00 | AC6: 31 | AD6: 34060 | AH6: 46154 | AI6: 1
A7: Rayhan | B7: 1656 | C7: 33788 | D7: 9:23:08 | E7: 33788 | F7: 9:23:08 | G7: 3 | H7: :00:03 | I7: 1929 | J7: :32:09 | K7: 229 | L7: :03:49 | M7: 2405 | N7: :40:05 | O7: 27471 | P7: 7:37:51 | Q7: 0 | R7: :00:00 | S7: 0 | T7: :00:00 | U7: 0 | V7: :00:00 | W7: 0 | X7: :00:00 | Y7: 1751 | Z7: :29:11 | AA7: 0 | AB7: :00:00 | AC7: 33 | AD7: 33788 | AH7: 46154 | AI7: 1
A8: Mala | B8: 1640 | C8: 36588 | D8: 0.42347222 | E8: 33154 | F8: 9:12:34 | G8: 172 | H8: :02:52 | I8: 0 | J8: :00:00 | K8: 1778 | L8: :29:38 | M8: 2416 | N8: :40:16 | O8: 20732 | P8: 5:45:32 | Q8: 2906 | R8: :48:26 | S8: 852 | T8: :14:12 | U8: 0 | V8: :00:00 | W8: 0 | X8: :00:00 | Y8: 4298 | Z8: 1:11:38 | AA8: 0 | AB8: :00:00 | AC8: 21 | AD8: 33154 | AH8: 46154 | AI8: 1
A9: Erby | B9: 1617 | C9: 33057 | D9: 9:10:57 | E9: 33057 | F9: 9:10:57 | G9: 5 | H9: :00:05 | I9: 2056 | J9: :34:16 | K9: 516 | L9: :08:36 | M9: 2385 | N9: :39:45 | O9: 27350 | P9: 7:35:50 | Q9: 0 | R9: :00:00 | S9: 0 | T9: :00:00 | U9: 0 | V9: :00:00 | W9: 0 | X9: :00:00 | Y9: 745 | Z9: :12:25 | AA9: 0 | AB9: :00:00 | AC9: 3 | AD9: 33057 | AH9: 46154 | AI9: 1
A10: Ibrahim | B10: 1620 | C10: 34828 | D10: 9:40:28 | E10: 32964 | F10: 9:09:24 | G10: 305 | H10: :05:05 | I10: 2087 | J10: :34:47 | K10: 898 | L10: :14:58 | M10: 2400 | N10: :40:00 | O10: 24640 | P10: 6:50:40 | Q10: 0 | R10: :00:00 | S10: 142 | T10: :02:22 | U10: 0 | V10: :00:00 | W10: 0 | X10: :00:00 | Y10: 2492 | Z10: :41:32 | AA10: 0 | AB10: :00:00 | AC10: 4 | AD10: 32964 | AH10: 46154 | AI10: 1
A11: Fazriel | B11: 1638 | C11: 39426 | D11: 0.45631944 | E11: 28830 | F11: 8:00:30 | G11: 1233 | H11: :20:33 | I11: 1815 | J11: :30:15 | K11: 221 | L11: :03:41 | M11: 2463 | N11: :41:03 | O11: 1492 | P11: :24:52 | Q11: 14245 | R11: 3:57:25 | S11: 6543 | T11: 1:49:03 | U11: 0 | V11: :00:00 | W11: 7 | X11: :00:07 | Y11: 811 | Z11: :13:31 | AA11: 0 | AB11: :00:00 | AC11: 19 | AD11: 28830 | AH11: 46154 | AI11: 1
A12: Subehan | B12: 1625 | C12: 35571 | D12: 9:52:51 | E12: 28350 | F12: 7:52:30 | G12: 1780 | H12: :29:40 | I12: 1909 | J12: :31:49 | K12: 1146 | L12: :19:06 | M12: 2224 | N12: :37:04 | O12: 0 | P12: :00:00 | Q12: 12781 | R12: 3:33:01 | S12: 5340 | T12: 1:29:00 | U12: 0 | V12: :00:00 | W12: 0 | X12: :00:00 | Y12: 3170 | Z12: :52:50 | AA12: 0 | AB12: :00:00 | AC12: 8 | AD12: 28350 | AH12: 46154 | AI12: 1
A13: Firas | B13: 1626 | C13: 35641 | D13: 9:54:01 | E13: 27007 | F13: 7:30:07 | G13: 2313 | H13: :38:33 | I13: 1976 | J13: :32:56 | K13: 949 | L13: :15:49 | M13: 2041 | N13: :34:01 | O13: 0 | P13: :00:00 | Q13: 7430 | R13: 2:03:50 | S13: 6373 | T13: 1:46:13 | U13: 0 | V13: :00:00 | W13: 2558 | X13: :42:38 | Y13: 3367 | Z13: :56:07 | AA13: 0 | AB13: :00:00 | AC13: 9 | AD13: 27007 | AH13: 46154 | AI13: 1
A14: Puji | B14: 1650 | C14: 34419 | D14: 9:33:39 | E14: 26285 | F14: 7:18:05 | G14: 3679 | H14: 1:01:19 | I14: 2476 | J14: :41:16 | K14: 1723 | L14: :28:43 | M14: 2231 | N14: :37:11 | O14: 0 | P14: :00:00 | Q14: 13599 | R14: 3:46:39 | S14: 2577 | T14: :42:57 | U14: 0 | V14: :00:00 | W14: 0 | X14: :00:00 | Y14: 0 | Z14: :00:00 | AA14: 0 | AB14: :00:00 | AC14: 27 | AD14: 26285 | AH14: 46154 | AI14: 1
A15: Wina | B15: 1643 | C15: 35051 | D15: 9:44:11 | E15: 23785 | F15: 6:36:25 | G15: 1913 | H15: :31:53 | I15: 0 | J15: :00:00 | K15: 1904 | L15: :31:44 | M15: 2360 | N15: :39:20 | O15: 0 | P15: :00:00 | Q15: 4850 | R15: 1:20:50 | S15: 10017 | T15: 2:46:57 | U15: 0 | V15: :00:00 | W15: 0 | X15: :00:00 | Y15: 2741 | Z15: :45:41 | AA15: 0 | AB15: :00:00 | AC15: 24 | AD15: 23785 | AH15: 46154 | AI15: 1
A16: Tiwi | B16: 1637 | C16: 33536 | D16: 9:18:56 | E16: 21995 | F16: 6:06:35 | G16: 3654 | H16: 1:00:54 | I16: 1900 | J16: :31:40 | K16: 0 | L16: :00:00 | M16: 2369 | N16: :39:29 | O16: 0 | P16: :00:00 | Q16: 0 | R16: :00:00 | S16: 8476 | T16: 2:21:16 | U16: 0 | V16: :00:00 | W16: 5596 | X16: 1:33:16 | Y16: 0 | Z16: :00:00 | AA16: 0 | AB16: :00:00 | AC16: 18 | AD16: 21995 | AH16: 46154 | AI16: 1
A17: Franscisco | B17: 1627 | C17: 34458 | D17: 9:34:18 | E17: 21879 | F17: 6:04:39 | G17: 4623 | H17: 1:17:03 | I17: 0 | J17: :00:00 | K17: 864 | L17: :14:24 | M17: 2164 | N17: :36:04 | O17: 0 | P17: :00:00 | Q17: 1978 | R17: :32:58 | S17: 12250 | T17: 3:24:10 | U17: 0 | V17: :00:00 | W17: 0 | X17: :00:00 | Y17: 0 | Z17: :00:00 | AA17: 0 | AB17: :00:00 | AC17: 10 | AD17: 21879 | AH17: 46154 | AI17: 1
A18: Rut | B18: 1631 | C18: 34718 | D18: 9:38:38 | E18: 21467 | F18: 5:57:47 | G18: 896 | H18: :14:56 | I18: 0 | J18: :00:00 | K18: 1836 | L18: :30:36 | M18: 2413 | N18: :40:13 | O18: 0 | P18: :00:00 | Q18: 2462 | R18: :41:02 | S18: 6217 | T18: 1:43:37 | U18: 0 | V18: :00:00 | W18: 5236 | X18: 1:27:16 | Y18: 2407 | Z18: :40:07 | AA18: 0 | AB18: :00:00 | AC18: 14 | AD18: 21467 | AH18: 46154 | AI18: 1
B19: 1648 | C19: 34479 | D19: 9:34:39 | E19: 21311 | F19: 5:55:11 | G19: 3754 | H19: 1:02:34 | I19: 1598 | J19: :26:38 | K19: 2869 | L19: :47:49 | M19: 2409 | N19: :40:09 | O19: 0 | P19: :00:00 | Q19: 594 | R19: :09:54 | S19: 10087 | T19: 2:48:07 | U19: 0 | V19: :00:00 | W19: 0 | X19: :00:00 | Y19: 0 | Z19: :00:00 | AA19: 0 | AB19: :00:00 | AC19: 26 | AD19: 21311 | AH19: 46154 | AI19: 1
A20: Intan | B20: 1651 | C20: 39176 | D20: 0.45342593 | E20: 20572 | F20: 5:42:52 | G20: 637 | H20: :10:37 | I20: 2399 | J20: :39:59 | K20: 101 | L20: :01:41 | M20: 3179 | N20: :52:59 | O20: 0 | P20: :00:00 | Q20: 8113 | R20: 2:15:13 | S20: 5543 | T20: 1:32:23 | U20: 0 | V20: :00:00 | W20: 0 | X20: :00:00 | Y20: 600 | Z20: :10:00 | AA20: 0 | AB20: :00:00 | AC20: 28 | AD20: 20572 | AH20: 46154 | AI20: 1
A21: Fahmi | B21: 1628 | C21: 33332 | D21: 9:15:32 | E21: 19461 | F21: 5:24:21 | G21: 943 | H21: :15:43 | I21: 2247 | J21: :37:27 | K21: 265 | L21: :04:25 | M21: 2174 | N21: :36:14 | O21: 0 | P21: :00:00 | Q21: 482 | R21: :08:02 | S21: 12295 | T21: 3:24:55 | U21: 0 | V21: :00:00 | W21: 0 | X21: :00:00 | Y21: 1055 | Z21: :17:35 | AA21: 0 | AB21: :00:00 | AC21: 11 | AD21: 19461 | AH21: 46154 | AI21: 1
A22: Ayunda | B22: 1635 | C22: 33658 | D22: 9:20:58 | E22: 19227 | F22: 5:20:27 | G22: 1291 | H22: :21:31 | I22: 1481 | J22: :24:41 | K22: 2653 | L22: :44:13 | M22: 2376 | N22: :39:36 | O22: 0 | P22: :00:00 | Q22: 3268 | R22: :54:28 | S22: 5844 | T22: 1:37:24 | U22: 0 | V22: :00:00 | W22: 0 | X22: :00:00 | Y22: 2314 | Z22: :38:34 | AA22: 0 | AB22: :00:00 | AC22: 16 | AD22: 19227 | AH22: 46154 | AI22: 1
A23: Aguss | B23: 1636 | C23: 35902 | D23: 9:58:22 | E23: 18984 | F23: 5:16:24 | G23: 3044 | H23: :50:44 | I23: 906 | J23: :15:06 | K23: 1272 | L23: :21:12 | M23: 2017 | N23: :33:37 | O23: 0 | P23: :00:00 | Q23: 0 | R23: :00:00 | S23: 8301 | T23: 2:18:21 | U23: 0 | V23: :00:00 | W23: 0 | X23: :00:00 | Y23: 3444 | Z23: :57:24 | AA23: 0 | AB23: :00:00 | AC23: 17 | AD23: 18984 | AH23: 46154 | AI23: 1
A24: Glorika | B24: 1642 | C24: 34106 | D24: 9:28:26 | E24: 18940 | F24: 5:15:40 | G24: 3252 | H24: :54:12 | I24: 0 | J24: :00:00 | K24: 600 | L24: :10:00 | M24: 2227 | N24: :37:07 | O24: 0 | P24: :00:00 | Q24: 0 | R24: :00:00 | S24: 11082 | T24: 3:04:42 | U24: 0 | V24: :00:00 | W24: 0 | X24: :00:00 | Y24: 1779 | Z24: :29:39 | AA24: 0 | AB24: :00:00 | AC24: 23 | AD24: 18940 | AH24: 46154 | AI24: 1
A25: Dina | B25: 1624 | C25: 35162 | D25: 9:46:02 | E25: 17640 | F25: 4:54:00 | G25: 2152 | H25: :35:52 | I25: 0 | J25: :00:00 | K25: 3442 | L25: :57:22 | M25: 2161 | N25: :36:01 | O25: 0 | P25: :00:00 | Q25: 0 | R25: :00:00 | S25: 7582 | T25: 2:06:22 | U25: 0 | V25: :00:00 | W25: 0 | X25: :00:00 | Y25: 2303 | Z25: :38:23 | AA25: 0 | AB25: :00:00 | AC25: 7 | AD25: 17640 | AH25: 46154 | AI25: 1
A26: Rina | B26: 1653 | C26: 39232 | D26: 0.45407407 | E26: 17403 | F26: 4:50:03 | G26: 363 | H26: :06:03 | I26: 0 | J26: :00:00 | K26: 802 | L26: :13:22 | M26: 2272 | N26: :37:52 | O26: 0 | P26: :00:00 | Q26: 1064 | R26: :17:44 | S26: 12622 | T26: 3:30:22 | U26: 0 | V26: :00:00 | W26: 0 | X26: :00:00 | Y26: 280 | Z26: :04:40 | AA26: 0 | AB26: :00:00 | AC26: 30 | AD26: 17403 | AH26: 46154 | AI26: 1
A27: Arti | B27: 1622 | C27: 32399 | D27: 8:59:59 | E27: 17316 | F27: 4:48:36 | G27: 2015 | H27: :33:35 | I27: 553 | J27: :09:13 | K27: 2297 | L27: :38:17 | M27: 2431 | N27: :40:31 | O27: 0 | P27: :00:00 | Q27: 1184 | R27: :19:44 | S27: 3958 | T27: 1:05:58 | U27: 0 | V27: :00:00 | W27: 4244 | X27: 1:10:44 | Y27: 634 | Z27: :10:34 | AA27: 0 | AB27: :00:00 | AC27: 6 | AD27: 17316 | AH27: 46154 | AI27: 1
A28: Rahma | B28: 1630 | C28: 35712 | D28: 9:55:12 | E28: 16882 | F28: 4:41:22 | G28: 1998 | H28: :33:18 | I28: 2570 | J28: :42:50 | K28: 1538 | L28: :25:38 | M28: 2377 | N28: :39:37 | O28: 0 | P28: :00:00 | Q28: 891 | R28: :14:51 | S28: 2662 | T28: :44:22 | U28: 0 | V28: :00:00 | W28: 1581 | X28: :26:21 | Y28: 3265 | Z28: :54:25 | AA28: 0 | AB28: :00:00 | AC28: 13 | AD28: 16882 | AH28: 46154 | AI28: 1
A29: Malik | B29: 1632 | C29: 39431 | D29: 0.45637731 | E29: 16851 | F29: 4:40:51 | G29: 1418 | H29: :23:38 | I29: 2231 | J29: :37:11 | K29: 1921 | L29: :32:01 | M29: 2307 | N29: :38:27 | O29: 0 | P29: :00:00 | Q29: 0 | R29: :00:00 | S29: 8974 | T29: 2:29:34 | U29: 0 | V29: :00:00 | W29: 0 | X29: :00:00 | Y29: 0 | Z29: :00:00 | AA29: 0 | AB29: :00:00 | AC29: 15 | AD29: 16851 | AH29: 46154 | AI29: 1
A30: Tegar | B30: 1641 | C30: 35631 | D30: 9:53:51 | E30: 16429 | F30: 4:33:49 | G30: 2331 | H30: :38:51 | I30: 1289 | J30: :21:29 | K30: 1617 | L30: :26:57 | M30: 2592 | N30: :43:12 | O30: 0 | P30: :00:00 | Q30: 0 | R30: :00:00 | S30: 5336 | T30: 1:28:56 | U30: 0 | V30: :00:00 | W30: 150 | X30: :02:30 | Y30: 3114 | Z30: :51:54 | AA30: 0 | AB30: :00:00 | AC30: 22 | AD30: 16429 | AH30: 46154 | AI30: 1
A31: Grace | B31: 1647 | C31: 33777 | D31: 9:22:57 | E31: 13745 | F31: 3:49:05 | G31: 4949 | H31: 1:22:29 | I31: 0 | J31: :00:00 | K31: 1597 | L31: :26:37 | M31: 2369 | N31: :39:29 | O31: 0 | P31: :00:00 | Q31: 78 | R31: :01:18 | S31: 3647 | T31: 1:00:47 | U31: 0 | V31: :00:00 | W31: 170 | X31: :02:50 | Y31: 935 | Z31: :15:35 | AA31: 0 | AB31: :00:00 | AC31: 25 | AD31: 13745 | AH31: 46154 | AI31: 1
A32: Augita | B32: 1652 | C32: 23102 | D32: 6:25:02 | E32: 13628 | F32: 3:47:08 | G32: 620 | H32: :10:20 | I32: 0 | J32: :00:00 | K32: 418 | L32: :06:58 | M32: 2400 | N32: :40:00 | O32: 0 | P32: :00:00 | Q32: 586 | R32: :09:46 | S32: 6226 | T32: 1:43:46 | U32: 0 | V32: :00:00 | W32: 70 | X32: :01:10 | Y32: 3308 | Z32: :55:08 | AA32: 0 | AB32: :00:00 | AC32: 29 | AD32: 13628 | AH32: 46154 | AI32: 1
A33: Zardi | B33: 1621 | C33: 36238 | D33: 0.4194213 | E33: 13343 | F33: 3:42:23 | G33: 3461 | H33: :57:41 | I33: 2649 | J33: :44:09 | K33: 547 | L33: :09:07 | M33: 2427 | N33: :40:27 | O33: 0 | P33: :00:00 | Q33: 77 | R33: :01:17 | S33: 481 | T33: :08:01 | U33: 0 | V33: :00:00 | W33: 70 | X33: :01:10 | Y33: 3631 | Z33: 1:00:31 | AA33: 0 | AB33: :00:00 | AC33: 5 | AD33: 13343 | AH33: 46154 | AI33: 1
A34: Aliyah | B34: 1639 | C34: 22379 | D34: 6:12:59 | E34: 10953 | F34: 3:02:33 | G34: 415 | H34: :06:55 | I34: 1364 | J34: :22:44 | K34: 935 | L34: :15:35 | M34: 2356 | N34: :39:16 | O34: 0 | P34: :00:00 | Q34: 133 | R34: :02:13 | S34: 3138 | T34: :52:18 | U34: 0 | V34: :00:00 | W34: 52 | X34: :00:52 | Y34: 2560 | Z34: :42:40 | AA34: 0 | AB34: :00:00 | AC34: 20 | AD34: 10953 | AH34: 46154 | AI34: 1
A35: Aliahmad | B35: 1629 | C35: 4994 | D35: 1:23:14 | E35: 4994 | F35: 1:23:14 | G35: 9 | H35: :00:09 | I35: 0 | J35: :00:00 | K35: 0 | L35: :00:00 | M35: 2404 | N35: :40:04 | O35: 0 | P35: :00:00 | Q35: 0 | R35: :00:00 | S35: 0 | T35: :00:00 | U35: 0 | V35: :00:00 | W35: 0 | X35: :00:00 | Y35: 2581 | Z35: :43:01 | AA35: 0 | AB35: :00:00 | AC35: 12 | AD35: 4994 | AH35: 46154 | AI35: 1
A36: Nina | B36: 1616 | C36: 9 | D36: :00:09 | E36: 9 | F36: :00:09 | G36: 9 | H36: :00:09 | I36: 0 | J36: :00:00 | K36: 0 | L36: :00:00 | M36: 0 | N36: :00:00 | O36: 0 | P36: :00:00 | Q36: 0 | R36: :00:00 | S36: 0 | T36: :00:00 | U36: 0 | V36: :00:00 | W36: 0 | X36: :00:00 | Y36: 0 | Z36: :00:00 | AA36: 0 | AB36: :00:00 | AC36: 2 | AD36: 9 | AH36: 46154 | AI36: 1

Sheet Agent List
A1: Logsheet ID | B1: CMS Name | C1: Extension
A2: Agam | B2: Agam | C2: 1648
A3: Aguss | B3: Aguss | C3: 1636
A4: Aliahmad | B4: Aliahmad | C4: 1629
A5: Aliyah | B5: Aliyah | C5: 1639
A6: Arti | B6: Arti | C6: 1622
A7: Augita | B7: Augita | C7: 1652
A8: Ayunda | B8: Ayunda | C8: 1635
A9: Della | B9: Della | C9: 1654
A10: Dina | B10: Dina | C10: 1624
A11: Erby | B11: Erby | C11: 1617
A12: Fahmi | B12: Fahmi | C12: 1628
A13: Fazriel | B13: Fazriel | C13: 1638
... A35: Zardi | B35: Zardi | C35: 1621

Sheet Upload
A1: Date | B1: Agent | C1: CMS name | D1: Ext | E1: Staffed_time | F1: AUX_0 | G1: AUX_1 | H1: AUX_2 | I1: AUX_3 | J1: AUX_4 | K1: AUX_5 | L1: AUX_6 | M1: AUX_7 | N1: AUX_8 | O1: AUX_9 | P1: AUX_1099 | Q1: Remark | R1: IS_OH
A2: =DAY(VLOOKUP(C2,Pasted!$A$3:$AH$50,34,0))&" "&CHOOSE(MONTH(VLOOKUP(C2,Pasted!$A$3:$AH$50,34,0)),"Jan","Feb","Mar","Apr","May","Jun","Jul","Aug","Sep","Oct","Nov","Dec")&" "&YEAR(VLOOKUP(C2,Pasted!$A$3:$AH$50,34,0)) -> #N/A | B2: Agam | C2: Agam | D2: 1648 | E2: =IFERROR(VLOOKUP(C2,Pasted!$A$3:$AD$50,3,0),0) -> 0 | F2: =IFERROR(VLOOKUP(C2,Pasted!$A$3:$AD$50,7,0),0) -> 0 | G2: =IFERROR(VLOOKUP(C2,Pasted!$A$3:$AD$50,9,0),0) -> 0 | H2: =IFERROR(VLOOKUP(C2,Pasted!$A$3:$AD$50,11,0),0) -> 0 | I2: =IFERROR(VLOOKUP(C2,Pasted!$A$3:$AD$50,13,0),0) -> 0 | J2: =IFERROR(VLOOKUP(C2,Pasted!$A$3:$AD$50,15,0),0) -> 0 | K2: =IFERROR(VLOOKUP(C2,Pasted!$A$3:$AD$50,17,0),0) -> 0 | L2: =IFERROR(VLOOKUP(C2,Pasted!$A$3:$AD$50,19,0),0) -> 0 | M2: =IFERROR(VLOOKUP(C2,Pasted!$A$3:$AD$50,21,0),0) -> 0 | N2: =IFERROR(VLOOKUP(C2,Pasted!$A$3:$AD$50,23,0),0) -> 0 | O2: =IFERROR(VLOOKUP(C2,Pasted!$A$3:$AD$50,25,0),0) -> 0 | P2: =IFERROR(VLOOKUP(C2,Pasted!$A$3:$AD$50,27,0),0) -> 0 | Q2: Tes | R2: =IF(OR(VLOOKUP(C2,Pasted!$A$3:$AI$50,35,0)=1,LOWER(VLOOKUP(C2,Pasted!$A$3:$AI$50,35,0))="weekday",LOWER(VLOOKUP(C2,Pasted!$A$3:$AI$50,35,0))="yes"),1,0) -> #N/A
A3: =DAY(VLOOKUP(C3,Pasted!$A$3:$AH$50,34,0))&" "&CHOOSE(MONTH(VLOOKUP(C3,Pasted!$A$3:$AH$50,34,0)),"Jan","Feb","Mar","Apr","May","Jun","Jul","Aug","Sep","Oct","Nov","Dec")&" "&YEAR(VLOOKUP(C3,Pasted!$A$3:$AH$50,34,0)) -> 12 May 2026 | B3: Aguss | C3: Aguss | D3: 1636 | E3: =IFERROR(VLOOKUP(C3,Pasted!$A$3:$AD$50,3,0),0) -> 35902 | F3: =IFERROR(VLOOKUP(C3,Pasted!$A$3:$AD$50,7,0),0) -> 3044 | G3: =IFERROR(VLOOKUP(C3,Pasted!$A$3:$AD$50,9,0),0) -> 906 | H3: =IFERROR(VLOOKUP(C3,Pasted!$A$3:$AD$50,11,0),0) -> 1272 | I3: =IFERROR(VLOOKUP(C3,Pasted!$A$3:$AD$50,13,0),0) -> 2017 | J3: =IFERROR(VLOOKUP(C3,Pasted!$A$3:$AD$50,15,0),0) -> 0 | K3: =IFERROR(VLOOKUP(C3,Pasted!$A$3:$AD$50,17,0),0) -> 0 | L3: =IFERROR(VLOOKUP(C3,Pasted!$A$3:$AD$50,19,0),0) -> 8301 | M3: =IFERROR(VLOOKUP(C3,Pasted!$A$3:$AD$50,21,0),0) -> 0 | N3: =IFERROR(VLOOKUP(C3,Pasted!$A$3:$AD$50,23,0),0) -> 0 | O3: =IFERROR(VLOOKUP(C3,Pasted!$A$3:$AD$50,25,0),0) -> 3444 | P3: =IFERROR(VLOOKUP(C3,Pasted!$A$3:$AD$50,27,0),0) -> 0 | Q3: Tes | R3: =IF(OR(VLOOKUP(C3,Pasted!$A$3:$AI$50,35,0)=1,LOWER(VLOOKUP(C3,Pasted!$A$3:$AI$50,35,0))="weekday",LOWER(VLOOKUP(C3,Pasted!$A$3:$AI$50,35,0))="yes"),1,0) -> 1
A4: =DAY(VLOOKUP(C4,Pasted!$A$3:$AH$50,34,0))&" "&CHOOSE(MONTH(VLOOKUP(C4,Pasted!$A$3:$AH$50,34,0)),"Jan","Feb","Mar","Apr","May","Jun","Jul","Aug","Sep","Oct","Nov","Dec")&" "&YEAR(VLOOKUP(C4,Pasted!$A$3:$AH$50,34,0)) -> 12 May 2026 | B4: Aliahmad | C4: Aliahmad | D4: 1629 | E4: =IFERROR(VLOOKUP(C4,Pasted!$A$3:$AD$50,3,0),0) -> 4994 | F4: =IFERROR(VLOOKUP(C4,Pasted!$A$3:$AD$50,7,0),0) -> 9 | G4: =IFERROR(VLOOKUP(C4,Pasted!$A$3:$AD$50,9,0),0) -> 0 | H4: =IFERROR(VLOOKUP(C4,Pasted!$A$3:$AD$50,11,0),0) -> 0 | I4: =IFERROR(VLOOKUP(C4,Pasted!$A$3:$AD$50,13,0),0) -> 2404 | J4: =IFERROR(VLOOKUP(C4,Pasted!$A$3:$AD$50,15,0),0) -> 0 | K4: =IFERROR(VLOOKUP(C4,Pasted!$A$3:$AD$50,17,0),0) -> 0 | L4: =IFERROR(VLOOKUP(C4,Pasted!$A$3:$AD$50,19,0),0) -> 0 | M4: =IFERROR(VLOOKUP(C4,Pasted!$A$3:$AD$50,21,0),0) -> 0 | N4: =IFERROR(VLOOKUP(C4,Pasted!$A$3:$AD$50,23,0),0) -> 0 | O4: =IFERROR(VLOOKUP(C4,Pasted!$A$3:$AD$50,25,0),0) -> 2581 | P4: =IFERROR(VLOOKUP(C4,Pasted!$A$3:$AD$50,27,0),0) -> 0 | Q4: Tes | R4: =IF(OR(VLOOKUP(C4,Pasted!$A$3:$AI$50,35,0)=1,LOWER(VLOOKUP(C4,Pasted!$A$3:$AI$50,35,0))="weekday",LOWER(VLOOKUP(C4,Pasted!$A$3:$AI$50,35,0))="yes"),1,0) -> 1
A5: =DAY(VLOOKUP(C5,Pasted!$A$3:$AH$50,34,0))&" "&CHOOSE(MONTH(VLOOKUP(C5,Pasted!$A$3:$AH$50,34,0)),"Jan","Feb","Mar","Apr","May","Jun","Jul","Aug","Sep","Oct","Nov","Dec")&" "&YEAR(VLOOKUP(C5,Pasted!$A$3:$AH$50,34,0)) -> 12 May 2026 | B5: Aliyah | C5: Aliyah | D5: 1639 | E5: =IFERROR(VLOOKUP(C5,Pasted!$A$3:$AD$50,3,0),0) -> 22379 | F5: =IFERROR(VLOOKUP(C5,Pasted!$A$3:$AD$50,7,0),0) -> 415 | G5: =IFERROR(VLOOKUP(C5,Pasted!$A$3:$AD$50,9,0),0) -> 1364 | H5: =IFERROR(VLOOKUP(C5,Pasted!$A$3:$AD$50,11,0),0) -> 935 | I5: =IFERROR(VLOOKUP(C5,Pasted!$A$3:$AD$50,13,0),0) -> 2356 | J5: =IFERROR(VLOOKUP(C5,Pasted!$A$3:$AD$50,15,0),0) -> 0 | K5: =IFERROR(VLOOKUP(C5,Pasted!$A$3:$AD$50,17,0),0) -> 133 | L5: =IFERROR(VLOOKUP(C5,Pasted!$A$3:$AD$50,19,0),0) -> 3138 | M5: =IFERROR(VLOOKUP(C5,Pasted!$A$3:$AD$50,21,0),0) -> 0 | N5: =IFERROR(VLOOKUP(C5,Pasted!$A$3:$AD$50,23,0),0) -> 52 | O5: =IFERROR(VLOOKUP(C5,Pasted!$A$3:$AD$50,25,0),0) -> 2560 | P5: =IFERROR(VLOOKUP(C5,Pasted!$A$3:$AD$50,27,0),0) -> 0 | Q5: Tes | R5: =IF(OR(VLOOKUP(C5,Pasted!$A$3:$AI$50,35,0)=1,LOWER(VLOOKUP(C5,Pasted!$A$3:$AI$50,35,0))="weekday",LOWER(VLOOKUP(C5,Pasted!$A$3:$AI$50,35,0))="yes"),1,0) -> 1
A6: =DAY(VLOOKUP(C6,Pasted!$A$3:$AH$50,34,0))&" "&CHOOSE(MONTH(VLOOKUP(C6,Pasted!$A$3:$AH$50,34,0)),"Jan","Feb","Mar","Apr","May","Jun","Jul","Aug","Sep","Oct","Nov","Dec")&" "&YEAR(VLOOKUP(C6,Pasted!$A$3:$AH$50,34,0)) -> 12 May 2026 | B6: Arti | C6: Arti | D6: 1622 | E6: =IFERROR(VLOOKUP(C6,Pasted!$A$3:$AD$50,3,0),0) -> 32399 | F6: =IFERROR(VLOOKUP(C6,Pasted!$A$3:$AD$50,7,0),0) -> 2015 | G6: =IFERROR(VLOOKUP(C6,Pasted!$A$3:$AD$50,9,0),0) -> 553 | H6: =IFERROR(VLOOKUP(C6,Pasted!$A$3:$AD$50,11,0),0) -> 2297 | I6: =IFERROR(VLOOKUP(C6,Pasted!$A$3:$AD$50,13,0),0) -> 2431 | J6: =IFERROR(VLOOKUP(C6,Pasted!$A$3:$AD$50,15,0),0) -> 0 | K6: =IFERROR(VLOOKUP(C6,Pasted!$A$3:$AD$50,17,0),0) -> 1184 | L6: =IFERROR(VLOOKUP(C6,Pasted!$A$3:$AD$50,19,0),0) -> 3958 | M6: =IFERROR(VLOOKUP(C6,Pasted!$A$3:$AD$50,21,0),0) -> 0 | N6: =IFERROR(VLOOKUP(C6,Pasted!$A$3:$AD$50,23,0),0) -> 4244 | O6: =IFERROR(VLOOKUP(C6,Pasted!$A$3:$AD$50,25,0),0) -> 634 | P6: =IFERROR(VLOOKUP(C6,Pasted!$A$3:$AD$50,27,0),0) -> 0 | Q6: Tes | R6: =IF(OR(VLOOKUP(C6,Pasted!$A$3:$AI$50,35,0)=1,LOWER(VLOOKUP(C6,Pasted!$A$3:$AI$50,35,0))="weekday",LOWER(VLOOKUP(C6,Pasted!$A$3:$AI$50,35,0))="yes"),1,0) -> 1
A7: =DAY(VLOOKUP(C7,Pasted!$A$3:$AH$50,34,0))&" "&CHOOSE(MONTH(VLOOKUP(C7,Pasted!$A$3:$AH$50,34,0)),"Jan","Feb","Mar","Apr","May","Jun","Jul","Aug","Sep","Oct","Nov","Dec")&" "&YEAR(VLOOKUP(C7,Pasted!$A$3:$AH$50,34,0)) -> 12 May 2026 | B7: Augita | C7: Augita | D7: 1652 | E7: =IFERROR(VLOOKUP(C7,Pasted!$A$3:$AD$50,3,0),0) -> 23102 | F7: =IFERROR(VLOOKUP(C7,Pasted!$A$3:$AD$50,7,0),0) -> 620 | G7: =IFERROR(VLOOKUP(C7,Pasted!$A$3:$AD$50,9,0),0) -> 0 | H7: =IFERROR(VLOOKUP(C7,Pasted!$A$3:$AD$50,11,0),0) -> 418 | I7: =IFERROR(VLOOKUP(C7,Pasted!$A$3:$AD$50,13,0),0) -> 2400 | J7: =IFERROR(VLOOKUP(C7,Pasted!$A$3:$AD$50,15,0),0) -> 0 | K7: =IFERROR(VLOOKUP(C7,Pasted!$A$3:$AD$50,17,0),0) -> 586 | L7: =IFERROR(VLOOKUP(C7,Pasted!$A$3:$AD$50,19,0),0) -> 6226 | M7: =IFERROR(VLOOKUP(C7,Pasted!$A$3:$AD$50,21,0),0) -> 0 | N7: =IFERROR(VLOOKUP(C7,Pasted!$A$3:$AD$50,23,0),0) -> 70 | O7: =IFERROR(VLOOKUP(C7,Pasted!$A$3:$AD$50,25,0),0) -> 3308 | P7: =IFERROR(VLOOKUP(C7,Pasted!$A$3:$AD$50,27,0),0) -> 0 | Q7: Tes | R7: =IF(OR(VLOOKUP(C7,Pasted!$A$3:$AI$50,35,0)=1,LOWER(VLOOKUP(C7,Pasted!$A$3:$AI$50,35,0))="weekday",LOWER(VLOOKUP(C7,Pasted!$A$3:$AI$50,35,0))="yes"),1,0) -> 1
A8: =DAY(VLOOKUP(C8,Pasted!$A$3:$AH$50,34,0))&" "&CHOOSE(MONTH(VLOOKUP(C8,Pasted!$A$3:$AH$50,34,0)),"Jan","Feb","Mar","Apr","May","Jun","Jul","Aug","Sep","Oct","Nov","Dec")&" "&YEAR(VLOOKUP(C8,Pasted!$A$3:$AH$50,34,0)) -> 12 May 2026 | B8: Ayunda | C8: Ayunda | D8: 1635 | E8: =IFERROR(VLOOKUP(C8,Pasted!$A$3:$AD$50,3,0),0) -> 33658 | F8: =IFERROR(VLOOKUP(C8,Pasted!$A$3:$AD$50,7,0),0) -> 1291 | G8: =IFERROR(VLOOKUP(C8,Pasted!$A$3:$AD$50,9,0),0) -> 1481 | H8: =IFERROR(VLOOKUP(C8,Pasted!$A$3:$AD$50,11,0),0) -> 2653 | I8: =IFERROR(VLOOKUP(C8,Pasted!$A$3:$AD$50,13,0),0) -> 2376 | J8: =IFERROR(VLOOKUP(C8,Pasted!$A$3:$AD$50,15,0),0) -> 0 | K8: =IFERROR(VLOOKUP(C8,Pasted!$A$3:$AD$50,17,0),0) -> 3268 | L8: =IFERROR(VLOOKUP(C8,Pasted!$A$3:$AD$50,19,0),0) -> 5844 | M8: =IFERROR(VLOOKUP(C8,Pasted!$A$3:$AD$50,21,0),0) -> 0 | N8: =IFERROR(VLOOKUP(C8,Pasted!$A$3:$AD$50,23,0),0) -> 0 | O8: =IFERROR(VLOOKUP(C8,Pasted!$A$3:$AD$50,25,0),0) -> 2314 | P8: =IFERROR(VLOOKUP(C8,Pasted!$A$3:$AD$50,27,0),0) -> 0 | Q8: Tes | R8: =IF(OR(VLOOKUP(C8,Pasted!$A$3:$AI$50,35,0)=1,LOWER(VLOOKUP(C8,Pasted!$A$3:$AI$50,35,0))="weekday",LOWER(VLOOKUP(C8,Pasted!$A$3:$AI$50,35,0))="yes"),1,0) -> 1
A9: =DAY(VLOOKUP(C9,Pasted!$A$3:$AH$50,34,0))&" "&CHOOSE(MONTH(VLOOKUP(C9,Pasted!$A$3:$AH$50,34,0)),"Jan","Feb","Mar","Apr","May","Jun","Jul","Aug","Sep","Oct","Nov","Dec")&" "&YEAR(VLOOKUP(C9,Pasted!$A$3:$AH$50,34,0)) -> 12 May 2026 | B9: Della | C9: Della | D9: 1654 | E9: =IFERROR(VLOOKUP(C9,Pasted!$A$3:$AD$50,3,0),0) -> 34060 | F9: =IFERROR(VLOOKUP(C9,Pasted!$A$3:$AD$50,7,0),0) -> 5 | G9: =IFERROR(VLOOKUP(C9,Pasted!$A$3:$AD$50,9,0),0) -> 2052 | H9: =IFERROR(VLOOKUP(C9,Pasted!$A$3:$AD$50,11,0),0) -> 386 | I9: =IFERROR(VLOOKUP(C9,Pasted!$A$3:$AD$50,13,0),0) -> 2434 | J9: =IFERROR(VLOOKUP(C9,Pasted!$A$3:$AD$50,15,0),0) -> 27133 | K9: =IFERROR(VLOOKUP(C9,Pasted!$A$3:$AD$50,17,0),0) -> 0 | L9: =IFERROR(VLOOKUP(C9,Pasted!$A$3:$AD$50,19,0),0) -> 0 | M9: =IFERROR(VLOOKUP(C9,Pasted!$A$3:$AD$50,21,0),0) -> 0 | N9: =IFERROR(VLOOKUP(C9,Pasted!$A$3:$AD$50,23,0),0) -> 0 | O9: =IFERROR(VLOOKUP(C9,Pasted!$A$3:$AD$50,25,0),0) -> 2050 | P9: =IFERROR(VLOOKUP(C9,Pasted!$A$3:$AD$50,27,0),0) -> 0 | Q9: Tes | R9: =IF(OR(VLOOKUP(C9,Pasted!$A$3:$AI$50,35,0)=1,LOWER(VLOOKUP(C9,Pasted!$A$3:$AI$50,35,0))="weekday",LOWER(VLOOKUP(C9,Pasted!$A$3:$AI$50,35,0))="yes"),1,0) -> 1
A10: =DAY(VLOOKUP(C10,Pasted!$A$3:$AH$50,34,0))&" "&CHOOSE(MONTH(VLOOKUP(C10,Pasted!$A$3:$AH$50,34,0)),"Jan","Feb","Mar","Apr","May","Jun","Jul","Aug","Sep","Oct","Nov","Dec")&" "&YEAR(VLOOKUP(C10,Pasted!$A$3:$AH$50,34,0)) -> 12 May 2026 | B10: Dina | C10: Dina | D10: 1624 | E10: =IFERROR(VLOOKUP(C10,Pasted!$A$3:$AD$50,3,0),0) -> 35162 | F10: =IFERROR(VLOOKUP(C10,Pasted!$A$3:$AD$50,7,0),0) -> 2152 | G10: =IFERROR(VLOOKUP(C10,Pasted!$A$3:$AD$50,9,0),0) -> 0 | H10: =IFERROR(VLOOKUP(C10,Pasted!$A$3:$AD$50,11,0),0) -> 3442 | I10: =IFERROR(VLOOKUP(C10,Pasted!$A$3:$AD$50,13,0),0) -> 2161 | J10: =IFERROR(VLOOKUP(C10,Pasted!$A$3:$AD$50,15,0),0) -> 0 | K10: =IFERROR(VLOOKUP(C10,Pasted!$A$3:$AD$50,17,0),0) -> 0 | L10: =IFERROR(VLOOKUP(C10,Pasted!$A$3:$AD$50,19,0),0) -> 7582 | M10: =IFERROR(VLOOKUP(C10,Pasted!$A$3:$AD$50,21,0),0) -> 0 | N10: =IFERROR(VLOOKUP(C10,Pasted!$A$3:$AD$50,23,0),0) -> 0 | O10: =IFERROR(VLOOKUP(C10,Pasted!$A$3:$AD$50,25,0),0) -> 2303 | P10: =IFERROR(VLOOKUP(C10,Pasted!$A$3:$AD$50,27,0),0) -> 0 | Q10: Tes | R10: =IF(OR(VLOOKUP(C10,Pasted!$A$3:$AI$50,35,0)=1,LOWER(VLOOKUP(C10,Pasted!$A$3:$AI$50,35,0))="weekday",LOWER(VLOOKUP(C10,Pasted!$A$3:$AI$50,35,0))="yes"),1,0) -> 1
A11: =DAY(VLOOKUP(C11,Pasted!$A$3:$AH$50,34,0))&" "&CHOOSE(MONTH(VLOOKUP(C11,Pasted!$A$3:$AH$50,34,0)),"Jan","Feb","Mar","Apr","May","Jun","Jul","Aug","Sep","Oct","Nov","Dec")&" "&YEAR(VLOOKUP(C11,Pasted!$A$3:$AH$50,34,0)) -> 12 May 2026 | B11: Erby | C11: Erby | D11: 1617 | E11: =IFERROR(VLOOKUP(C11,Pasted!$A$3:$AD$50,3,0),0) -> 33057 | F11: =IFERROR(VLOOKUP(C11,Pasted!$A$3:$AD$50,7,0),0) -> 5 | G11: =IFERROR(VLOOKUP(C11,Pasted!$A$3:$AD$50,9,0),0) -> 2056 | H11: =IFERROR(VLOOKUP(C11,Pasted!$A$3:$AD$50,11,0),0) -> 516 | I11: =IFERROR(VLOOKUP(C11,Pasted!$A$3:$AD$50,13,0),0) -> 2385 | J11: =IFERROR(VLOOKUP(C11,Pasted!$A$3:$AD$50,15,0),0) -> 27350 | K11: =IFERROR(VLOOKUP(C11,Pasted!$A$3:$AD$50,17,0),0) -> 0 | L11: =IFERROR(VLOOKUP(C11,Pasted!$A$3:$AD$50,19,0),0) -> 0 | M11: =IFERROR(VLOOKUP(C11,Pasted!$A$3:$AD$50,21,0),0) -> 0 | N11: =IFERROR(VLOOKUP(C11,Pasted!$A$3:$AD$50,23,0),0) -> 0 | O11: =IFERROR(VLOOKUP(C11,Pasted!$A$3:$AD$50,25,0),0) -> 745 | P11: =IFERROR(VLOOKUP(C11,Pasted!$A$3:$AD$50,27,0),0) -> 0 | Q11: Tes | R11: =IF(OR(VLOOKUP(C11,Pasted!$A$3:$AI$50,35,0)=1,LOWER(VLOOKUP(C11,Pasted!$A$3:$AI$50,35,0))="weekday",LOWER(VLOOKUP(C11,Pasted!$A$3:$AI$50,35,0))="yes"),1,0) -> 1
A12: =DAY(VLOOKUP(C12,Pasted!$A$3:$AH$50,34,0))&" "&CHOOSE(MONTH(VLOOKUP(C12,Pasted!$A$3:$AH$50,34,0)),"Jan","Feb","Mar","Apr","May","Jun","Jul","Aug","Sep","Oct","Nov","Dec")&" "&YEAR(VLOOKUP(C12,Pasted!$A$3:$AH$50,34,0)) -> 12 May 2026 | B12: Fahmi | C12: Fahmi | D12: 1628 | E12: =IFERROR(VLOOKUP(C12,Pasted!$A$3:$AD$50,3,0),0) -> 33332 | F12: =IFERROR(VLOOKUP(C12,Pasted!$A$3:$AD$50,7,0),0) -> 943 | G12: =IFERROR(VLOOKUP(C12,Pasted!$A$3:$AD$50,9,0),0) -> 2247 | H12: =IFERROR(VLOOKUP(C12,Pasted!$A$3:$AD$50,11,0),0) -> 265 | I12: =IFERROR(VLOOKUP(C12,Pasted!$A$3:$AD$50,13,0),0) -> 2174 | J12: =IFERROR(VLOOKUP(C12,Pasted!$A$3:$AD$50,15,0),0) -> 0 | K12: =IFERROR(VLOOKUP(C12,Pasted!$A$3:$AD$50,17,0),0) -> 482 | L12: =IFERROR(VLOOKUP(C12,Pasted!$A$3:$AD$50,19,0),0) -> 12295 | M12: =IFERROR(VLOOKUP(C12,Pasted!$A$3:$AD$50,21,0),0) -> 0 | N12: =IFERROR(VLOOKUP(C12,Pasted!$A$3:$AD$50,23,0),0) -> 0 | O12: =IFERROR(VLOOKUP(C12,Pasted!$A$3:$AD$50,25,0),0) -> 1055 | P12: =IFERROR(VLOOKUP(C12,Pasted!$A$3:$AD$50,27,0),0) -> 0 | Q12: Tes | R12: =IF(OR(VLOOKUP(C12,Pasted!$A$3:$AI$50,35,0)=1,LOWER(VLOOKUP(C12,Pasted!$A$3:$AI$50,35,0))="weekday",LOWER(VLOOKUP(C12,Pasted!$A$3:$AI$50,35,0))="yes"),1,0) -> 1
A13: =DAY(VLOOKUP(C13,Pasted!$A$3:$AH$50,34,0))&" "&CHOOSE(MONTH(VLOOKUP(C13,Pasted!$A$3:$AH$50,34,0)),"Jan","Feb","Mar","Apr","May","Jun","Jul","Aug","Sep","Oct","Nov","Dec")&" "&YEAR(VLOOKUP(C13,Pasted!$A$3:$AH$50,34,0)) -> 12 May 2026 | B13: Fazriel | C13: Fazriel | D13: 1638 | E13: =IFERROR(VLOOKUP(C13,Pasted!$A$3:$AD$50,3,0),0) -> 39426 | F13: =IFERROR(VLOOKUP(C13,Pasted!$A$3:$AD$50,7,0),0) -> 1233 | G13: =IFERROR(VLOOKUP(C13,Pasted!$A$3:$AD$50,9,0),0) -> 1815 | H13: =IFERROR(VLOOKUP(C13,Pasted!$A$3:$AD$50,11,0),0) -> 221 | I13: =IFERROR(VLOOKUP(C13,Pasted!$A$3:$AD$50,13,0),0) -> 2463 | J13: =IFERROR(VLOOKUP(C13,Pasted!$A$3:$AD$50,15,0),0) -> 1492 | K13: =IFERROR(VLOOKUP(C13,Pasted!$A$3:$AD$50,17,0),0) -> 14245 | L13: =IFERROR(VLOOKUP(C13,Pasted!$A$3:$AD$50,19,0),0) -> 6543 | M13: =IFERROR(VLOOKUP(C13,Pasted!$A$3:$AD$50,21,0),0) -> 0 | N13: =IFERROR(VLOOKUP(C13,Pasted!$A$3:$AD$50,23,0),0) -> 7 | O13: =IFERROR(VLOOKUP(C13,Pasted!$A$3:$AD$50,25,0),0) -> 811 | P13: =IFERROR(VLOOKUP(C13,Pasted!$A$3:$AD$50,27,0),0) -> 0 | Q13: Tes | R13: =IF(OR(VLOOKUP(C13,Pasted!$A$3:$AI$50,35,0)=1,LOWER(VLOOKUP(C13,Pasted!$A$3:$AI$50,35,0))="weekday",LOWER(VLOOKUP(C13,Pasted!$A$3:$AI$50,35,0))="yes"),1,0) -> 1
... A35: =DAY(VLOOKUP(C35,Pasted!$A$3:$AH$50,34,0))&" "&CHOOSE(MONTH(VLOOKUP(C35,Pasted!$A$3:$AH$50,34,0)),"Jan","Feb","Mar","Apr","May","Jun","Jul","Aug","Sep","Oct","Nov","Dec")&" "&YEAR(VLOOKUP(C35,Pasted!$A$3:$AH$50,34,0)) -> 12 May 2026 | B35: Zardi | C35: Zardi | D35: 1621 | E35: =IFERROR(VLOOKUP(C35,Pasted!$A$3:$AD$50,3,0),0) -> 36238 | F35: =IFERROR(VLOOKUP(C35,Pasted!$A$3:$AD$50,7,0),0) -> 3461 | G35: =IFERROR(VLOOKUP(C35,Pasted!$A$3:$AD$50,9,0),0) -> 2649 | H35: =IFERROR(VLOOKUP(C35,Pasted!$A$3:$AD$50,11,0),0) -> 547 | I35: =IFERROR(VLOOKUP(C35,Pasted!$A$3:$AD$50,13,0),0) -> 2427 | J35: =IFERROR(VLOOKUP(C35,Pasted!$A$3:$AD$50,15,0),0) -> 0 | K35: =IFERROR(VLOOKUP(C35,Pasted!$A$3:$AD$50,17,0),0) -> 77 | L35: =IFERROR(VLOOKUP(C35,Pasted!$A$3:$AD$50,19,0),0) -> 481 | M35: =IFERROR(VLOOKUP(C35,Pasted!$A$3:$AD$50,21,0),0) -> 0 | N35: =IFERROR(VLOOKUP(C35,Pasted!$A$3:$AD$50,23,0),0) -> 70 | O35: =IFERROR(VLOOKUP(C35,Pasted!$A$3:$AD$50,25,0),0) -> 3631 | P35: =IFERROR(VLOOKUP(C35,Pasted!$A$3:$AD$50,27,0),0) -> 0 | Q35: Tes | R35: =IF(OR(VLOOKUP(C35,Pasted!$A$3:$AI$50,35,0)=1,LOWER(VLOOKUP(C35,Pasted!$A$3:$AI$50,35,0))="weekday",LOWER(VLOOKUP(C35,Pasted!$A$3:$AI$50,35,0))="yes"),1,0) -> 1
